﻿<?xml version="1.0" encoding="UTF-8"?>
<gallery frameColor="0xFFFFFF" frameWidth="40" imagePadding="100" displayTime="1" enableRightClickOpen="false">
<image>
   <url>images/115-1503_IMG.jpg</url>
   <caption><![CDATA[<font size="50">Gallery 1</font>]]></caption>
   <width>480</width>
   <height>360</height>
</image>
<image>
  <url>images/115-1503_IMG.jpg</url>
  <caption></caption>
  <width>480</width>
   <height>360</height>
</image>
<image>
   <url>images/115-1503_IMG.jpg</url>   
   <caption></caption>
  <width>480</width>
   <height>360</height>
</image>
</gallery>