﻿<?xml version="1.0" encoding="UTF-8"?>
<gallery frameColor="0xFFFFFF" frameWidth="10" imagePadding="10" displayTime="10" enableRightClickOpen="true">
<image>
   <url>images_2/115-1503_IMG.jpg</url>
   <caption><![CDATA[<font size="50">Gallery 2</font>]]></caption>
   <width>480</width>
   <height>360</height>
</image>
<image>
  <url>images_2/115-1503_IMG.jpg</url>
  <caption></caption>
  <width>480</width>
   <height>360</height>
</image>
<image>
   <url>images_2/115-1503_IMG.jpg</url>   
   <caption></caption>
  <width>480</width>
   <height>360</height>
</image>
</gallery>